0,1,2,3,4,5,6,7,8,9,10,11,12,13,14,15,16,17,18,19,20,21,22,23,24,25,26,27,28,29,30,31,32,33,34,35,36,37,38,39,40,41,42,43,44,45,46,47,48,49,50,51,52,53,54,55,56,57,58,59
0.0,0.0,0.0,0.0,0.0,0.0,0.0,0.0,0.0,0.0,0.0,0.0,0.0,0.0,0.0,0.0,0.0,0.0,0.0,0.0,0.0,0.0,0.0,0.0,0.0,0.0,0.0,0.0,0.0,0.0,0.0,0.0,0.0,0.0,0.0,0.0,0.0,0.0,0.0,0.0,0.0,0.0,0.0,0.0,0.0,0.0,0.0,0.0,0.0,0.0,0.0,0.0,0.0,0.0,0.0,0.0,0.0,0.0,0.0,0.0
0.0,0.0,0.0,0.0,0.0,0.0,0.0,0.0,0.0,0.0,0.0,0.0,0.0,0.0,0.0,0.0,0.0,0.0,0.0,0.0,0.0,0.0,0.0,0.0,0.0,0.0,0.0,0.0,0.0,0.0,0.0,0.0,0.0,0.0,0.0,0.0,0.0,0.0,0.0,0.0,0.0,0.0,0.0,0.0,0.0,0.0,0.0,0.0,0.0,0.0,0.0,0.0,0.0,0.0,0.0,0.0,0.0,0.0,0.0,0.0
0.0,0.0,0.0,0.0,0.0,0.0,0.0,0.0,0.0,0.0,0.0,0.0,0.0,0.0,0.0,0.0,0.0,0.0,0.0,0.0,0.0,0.0,0.0,0.0,0.0,0.0,0.0,0.0,0.0,0.0,0.0,0.0,0.0,0.0,0.0,0.0,0.0,0.0,0.0,0.0,0.0,0.0,0.0,0.0,0.0,0.0,0.0,0.0,0.0,0.0,0.0,0.0,0.0,0.0,0.0,0.0,0.0,0.0,0.0,0.0
0.0,0.0,0.0,0.0,0.0,0.0,0.0,0.0,0.0,0.0,0.0,0.0,0.0,0.0,0.0,0.0,0.0,0.0,0.0,0.0,0.0,0.0,0.0,0.0,0.0,0.0,0.0,0.0,0.0,0.0,0.0,0.0,0.0,0.0,0.0,0.0,0.0,0.0,0.0,0.0,0.0,0.0,0.0,0.0,0.0,0.0,0.0,0.0,0.0,0.0,0.0,0.0,0.0,0.0,0.0,0.0,0.0,0.0,0.0,0.0
0.0,0.0,0.0,0.0,0.0,0.0,0.0,0.0,0.0,0.0,0.0,0.0,0.0,0.0,0.0,0.0,0.0,0.0,0.0,0.0,0.0,0.0,0.0,0.0,0.0,0.0,0.0,0.0,0.0,0.0,0.0,0.0,0.0,0.0,0.0,0.0,0.0,0.0,0.0,0.0,0.0,0.0,0.0,0.0,0.0,0.0,0.0,0.0,0.0,0.0,0.0,0.0,0.0,0.0,0.0,0.0,0.0,0.0,0.0,0.0
0.0,0.0,0.0,0.0,0.0,0.0,0.0,0.0,0.0,0.0,0.0,0.0,0.0,0.0,0.0,0.0,0.0,0.0,0.0,0.0,0.0,0.0,0.0,0.0,0.0,0.0,0.0,0.0,0.0,0.0,0.0,0.0,0.0,0.0,0.0,0.0,0.0,0.0,0.0,0.0,0.0,0.0,0.0,0.0,0.0,0.0,0.0,0.0,0.0,0.0,0.0,0.0,0.0,0.0,0.0,0.0,0.0,0.0,0.0,0.0
0.0,0.0,0.0,0.0,0.0,0.0,0.0,0.0,0.0,0.0,0.0,0.0,0.0,0.0,0.0,0.0,0.0,0.0,0.0,0.0,0.0,0.0,0.0,0.0,0.0,0.0,0.0,0.0,0.0,0.0,0.0,0.0,0.0,0.0,0.0,0.0,0.0,0.0,0.0,0.0,0.0,0.0,0.0,0.0,0.0,0.0,0.0,0.0,0.0,0.0,0.0,0.0,0.0,0.0,0.0,0.0,0.0,0.0,0.0,0.0
0.0,0.0,0.0,0.0,0.0,0.0,0.0,0.0,0.0,0.0,0.0,0.0,0.0,0.0,0.0,0.0,0.0,0.0,0.0,0.0,0.0,0.0,0.0,0.0,0.0,0.0,0.0,0.0,0.0,0.0,0.0,0.0,0.0,0.0,0.0,0.0,0.0,0.0,0.0,0.0,0.0,0.0,0.0,0.0,0.0,0.0,0.0,0.0,0.0,0.0,0.0,0.0,0.0,0.0,0.0,0.0,0.0,0.0,0.0,0.0
0.0,0.0,0.0,0.0,0.0,0.0,0.0,0.0,0.0,0.0,0.0,0.0,0.0,0.0,0.0,0.0,0.0,0.0,0.0,0.0,0.0,0.0,0.0,0.0,0.0,0.0,0.0,0.0,0.0,0.0,0.0,0.0,0.0,0.0,0.0,0.0,0.0,0.0,0.0,0.0,0.0,0.0,0.0,0.0,0.0,0.0,0.0,0.0,0.0,0.0,0.0,0.0,0.0,0.0,0.0,0.0,0.0,0.0,0.0,0.0
0.0,0.0,0.0,0.0,0.0,0.0,0.0,0.0,0.0,0.0,0.0,0.0,0.0,0.0,0.0,0.0,0.0,0.0,0.0,0.0,0.0,0.0,0.0,0.0,0.0,0.0,0.0,0.0,0.0,0.0,0.0,0.0,0.0,0.0,0.0,0.0,0.0,0.0,0.0,0.0,0.0,0.0,0.0,0.0,0.0,0.0,0.0,0.0,0.0,0.0,0.0,0.0,0.0,0.0,0.0,0.0,0.0,0.0,0.0,0.0
0.0,0.0,0.0,0.0,0.0,0.0,0.0,0.0,0.0,0.0,0.0,0.0,0.0,0.0,0.0,0.0,0.0,0.0,0.0,0.0,0.0,0.0,0.0,0.0,0.0,0.0,0.0,0.0,0.0,0.0,0.0,0.0,0.0,0.0,0.0,0.0,0.0,0.0,0.0,0.0,0.0,0.0,0.0,0.0,0.0,0.0,0.0,0.0,0.0,0.0,0.0,0.0,0.0,0.0,0.0,0.0,0.0,0.0,0.0,0.0
0.0,0.0,0.0,0.0,0.0,0.0,0.0,0.0,0.0,0.0,0.0,0.0,0.0,0.0,0.0,0.0,0.0,0.0,0.0,0.0,0.0,0.0,0.0,0.0,0.0,0.0,0.0,0.0,0.0,0.0,0.0,0.0,0.0,0.0,0.0,0.0,0.0,0.0,0.0,0.0,0.0,0.0,0.0,0.0,0.0,0.0,0.0,0.0,0.0,0.0,0.0,0.0,0.0,0.0,0.0,0.0,0.0,0.0,0.0,0.0
0.0,0.0,0.0,0.0,0.0,0.0,0.0,0.0,0.0,0.0,0.0,0.0,0.0,0.0,0.0,0.0,0.0,0.0,0.0,0.0,0.0,0.0,0.0,0.0,0.0,0.0,0.0,0.0,0.0,0.0,0.0,0.0,0.0,0.0,0.0,0.0,0.0,0.0,0.0,0.0,0.0,0.0,0.0,0.0,0.0,0.0,0.0,0.0,0.0,0.0,0.0,0.0,0.0,0.0,0.0,0.0,0.0,0.0,0.0,0.0
0.0,0.0,0.0,0.0,0.0,0.0,0.0,0.0,0.0,0.0,0.0,0.0,0.0,0.0,0.0,0.0,0.0,0.0,0.0,0.0,0.0,0.0,0.0,0.0,0.0,0.0,0.0,0.0,0.0,0.0,0.0,0.0,0.0,0.0,0.0,0.0,0.0,0.0,0.0,0.0,0.0,0.0,0.0,0.0,0.0,0.0,0.0,0.0,0.0,0.0,0.0,0.0,0.0,0.0,0.0,0.0,0.0,0.0,0.0,0.0
0.0,0.0,0.0,0.0,0.0,0.0,0.0,0.0,0.0,0.0,0.0,0.0,0.0,0.0,0.0,0.0,0.0,0.0,0.0,0.0,0.0,0.0,0.0,0.0,0.0,0.0,0.0,0.0,0.0,0.0,0.0,0.0,0.0,0.0,0.0,0.0,0.0,0.0,0.0,0.0,0.0,0.0,0.0,0.0,0.0,0.0,0.0,0.0,0.0,0.0,0.0,0.0,0.0,0.0,0.0,0.0,0.0,0.0,0.0,0.0
0.0,0.0,0.0,0.0,0.0,0.0,0.0,0.0,0.0,0.0,0.0,0.0,0.0,0.0,0.0,0.0,0.0,0.0,0.0,0.0,0.0,0.0,0.0,0.0,0.0,0.0,0.0,0.0,0.0,0.0,0.0,0.0,0.0,0.0,0.0,0.0,0.0,0.0,0.0,0.0,0.0,0.0,0.0,0.0,0.0,0.0,0.0,0.0,0.0,0.0,0.0,0.0,0.0,0.0,0.0,0.0,0.0,0.0,0.0,0.0
-0.034266259521245956,0.49430611729621887,-1.4144837856292725,0.06128566339612007,1.1643717288970947,0.4518231153488159,-0.039105501025915146,-0.6857424378395081,0.02715696021914482,1.010223150253296,0.8287645578384399,0.3771638572216034,0.6832124590873718,0.3111572563648224,-0.6796709895133972,-0.3814963400363922,-0.6304317116737366,-1.2730003595352173,0.41825127601623535,0.05100381746888161,0.37550121545791626,0.4367440640926361,-0.9794816970825195,-0.06485249847173691,-0.34538185596466064,1.1862497329711914,0.49088314175605774,0.016861196607351303,-1.2126494646072388,-1.8453714847564697,-0.4507644474506378,1.2912120819091797,1.5076278448104858,-1.0358591079711914,-1.1081290245056152,0.15805378556251526,-0.23165670037269592,1.0311287641525269,0.05360712483525276,-1.0259109735488892,-0.07998190820217133,-1.2797597646713257,-0.20933935046195984,1.4372555017471313,0.026786215603351593,-0.10628874599933624,0.522440493106842,0.2966153621673584,1.2032536268234253,-0.7033749222755432,0.2657071352005005,-0.2568490207195282,1.266808032989502,-0.7746178507804871,-1.0587077140808105,0.36291342973709106,0.16494141519069672,0.8622024059295654,-0.6343523859977722,0.04149091988801956
-0.1751551777124405,0.37155282497406006,-1.9550107717514038,0.07016713172197342,1.8955219984054565,0.29769599437713623,-0.1937168687582016,-0.8695912957191467,-0.30028223991394043,1.000760555267334,-0.006213870365172625,0.9480622410774231,1.2877706289291382,-0.24025052785873413,0.3291504681110382,-1.6662063598632812,-0.852859616279602,-2.0354106426239014,1.2267335653305054,-0.5884751081466675,0.6049434542655945,-0.6845424175262451,-1.771109938621521,0.2501736879348755,-1.3074522018432617,2.4429173469543457,0.8933368921279907,-0.30220332741737366,-0.9677252769470215,-3.574134588241577,-0.03370889276266098,1.5362751483917236,2.552211284637451,-0.9804756045341492,-0.7351294159889221,0.13183818757534027,-0.3395460247993469,1.1553140878677368,-0.07710239291191101,-2.265477180480957,0.09286979585886002,-0.5467838644981384,0.040195051580667496,2.520402431488037,-0.4904554784297943,-0.4227994978427887,0.009162066504359245,0.5647718906402588,2.6534459590911865,-0.4583064317703247,-0.07369497418403625,-0.2027430683374405,1.9903913736343384,0.627899169921875,-0.4879581332206726,0.11320224404335022,0.42397162318229675,1.5722477436065674,0.2965213358402252,0.4227565824985504
-0.8571276664733887,0.05377650260925293,-2.2655222415924072,0.2638062536716461,1.6528542041778564,-0.05404660105705261,-0.49753597378730774,-1.273039698600769,-0.5239086747169495,1.2977489233016968,1.2845056056976318,-0.2012975960969925,-0.7239657640457153,0.9275220632553101,0.4912300407886505,-1.3465825319290161,-0.7007181644439697,-0.8535270690917969,1.2764439582824707,0.2475728839635849,1.7530274391174316,-0.18145093321800232,-1.4877630472183228,0.6600921750068665,-0.2223525047302246,2.2599711418151855,-0.1525694578886032,1.2139464616775513,-0.7097792029380798,-2.700657606124878,0.9304736256599426,1.7479585409164429,2.3932719230651855,-1.225914478302002,-1.0599523782730103,0.6095132231712341,-1.669468641281128,0.8648406267166138,-0.40453195571899414,-2.598306179046631,0.4712240695953369,0.35755738615989685,-0.5383361577987671,3.2530925273895264,-0.23849613964557648,-1.0274105072021484,0.929709792137146,-0.0065964204259216785,1.9918464422225952,-2.6188600063323975,0.37436139583587646,0.36780881881713867,2.489133596420288,-0.5706949234008789,0.3241133987903595,0.4439619183540344,0.07967296987771988,1.6694326400756836,-2.060894727706909,1.1819111108779907
-0.22356587648391724,0.24096138775348663,-1.2185002565383911,-0.0953998789191246,0.7824848294258118,0.03161211311817169,-0.06658832728862762,-0.6406669020652771,0.16488075256347656,0.8018301129341125,0.6547572016716003,0.23245681822299957,0.14612826704978943,0.4180150032043457,-0.42724138498306274,-0.24544943869113922,-0.4172724187374115,-0.797913670539856,0.4346875548362732,0.0574350468814373,0.3099522888660431,0.11674850434064865,-0.8192294239997864,-0.018119841814041138,-0.23540189862251282,1.247475028038025,0.40314167737960815,0.043071769177913666,-0.8468665480613708,-1.3411301374435425,-0.17485199868679047,0.8942703604698181,1.1578035354614258,-0.5689086318016052,-0.6653329730033875,-0.05207906290888786,-0.20005764067173004,0.6264928579330444,-0.0017310420516878366,-0.8811175227165222,-0.09006243199110031,-0.6764794588088989,-0.22988446056842804,1.1705501079559326,0.11778683215379715,-0.08806116878986359,0.37373971939086914,0.2967980206012726,0.9703459739685059,-0.7820499539375305,0.296921968460083,0.08717095851898193,0.8041882514953613,-0.34060201048851013,-0.5551119446754456,0.04850540682673454,0.29890263080596924,0.583049476146698,-0.5506436824798584,0.20108431577682495
0.01500479131937027,0.19458414614200592,-3.1430232524871826,-0.6028739213943481,0.5298532247543335,0.2951866090297699,-0.16968871653079987,-1.6943176984786987,0.10005010664463043,1.6683329343795776,0.9528296589851379,0.8881298303604126,0.2598820924758911,1.091171383857727,-1.937949538230896,-0.04158925637602806,-1.0458624362945557,-1.8085741996765137,1.1367948055267334,0.17252665758132935,0.6616350412368774,0.7164414525032043,-1.3507752418518066,0.17122726142406464,0.43116578459739685,2.6699881553649902,1.4500411748886108,-0.671983540058136,-2.1496031284332275,-1.8025782108306885,-0.7389081716537476,2.2082080841064453,1.930281162261963,-0.878684401512146,-1.0668292045593262,-0.42444491386413574,-0.2996082007884979,1.3794349431991577,-0.1499289870262146,-0.9452301263809204,-0.7683872580528259,-1.3262053728103638,-0.3491242825984955,1.9448232650756836,0.19986261427402496,-1.162444829940796,0.2108948677778244,1.1641985177993774,1.5222387313842773,-0.885215699672699,0.5753714442253113,0.13210275769233704,1.244083046913147,-1.5235846042633057,-1.7487597465515137,0.8193264603614807,1.0926984548568726,0.8479756712913513,-1.2040711641311646,-0.428756982088089
-0.006128585897386074,-0.0006887963390909135,-0.05333344638347626,-0.022483501583337784,0.008745156228542328,-0.013646789826452732,0.004156898707151413,-0.025139303877949715,0.012049348093569279,0.030341265723109245,0.02300238236784935,0.017322957515716553,-0.0064160507172346115,0.02380690909922123,-0.040381137281656265,-0.010660544969141483,-0.025351688265800476,-0.016329137608408928,0.03959672152996063,0.01078364159911871,0.0013076792238280177,0.01313362643122673,-0.01703372225165367,-0.009353837929666042,-0.004847821779549122,0.05175955221056938,0.028021350502967834,-0.004302679095417261,-0.03132163733243942,-0.03858171030879021,-0.00584110664203763,0.040876567363739014,0.04830142855644226,-0.0161382295191288,-0.03206084668636322,-0.02190517820417881,0.009059707634150982,0.04616602510213852,0.004603477194905281,-0.026031244546175003,-0.012472793459892273,-0.024603858590126038,-0.0157825518399477,0.026397492736577988,0.01625889725983143,-0.0011940059484913945,0.021256936714053154,0.01938861422240734,0.017262399196624756,-0.012038588523864746,0.003950744401663542,0.006653172895312309,0.014038928784430027,-0.007688337005674839,-0.03126890957355499,0.007363433483988047,0.017923390492796898,0.020411880686879158,-0.01012409571558237,-0.006014114711433649
-1.0528571605682373,0.47327837347984314,-1.2528916597366333,0.7903064489364624,1.854691982269287,-0.09040245413780212,-1.1206618547439575,-0.9352445006370544,0.19680945575237274,0.2949208915233612,0.3229108452796936,0.5293083190917969,0.7415905594825745,-0.2568468153476715,1.4139734506607056,-1.5157777070999146,-0.7424108386039734,-1.7571706771850586,1.122838020324707,0.4087270498275757,0.6879240870475769,-1.5508846044540405,-2.954437494277954,0.6914354562759399,-0.8314052820205688,2.2926881313323975,0.6832630634307861,0.1736776977777481,-0.41722729802131653,-3.6994073390960693,0.5577005743980408,0.4575282633304596,2.166839122772217,-1.1322684288024902,-0.17324012517929077,0.7695031762123108,-0.992928147315979,0.2654739022254944,-0.3806750774383545,-2.8287267684936523,0.42029786109924316,-0.7308253645896912,-0.1430743932723999,3.8036367893218994,-0.06758014112710953,-1.0820046663284302,0.1731996238231659,0.4057779014110565,2.6925270557403564,-1.656251072883606,-0.3757595717906952,-0.08003610372543335,2.41727614402771,0.7096135020256042,-0.6409562826156616,-0.8321812152862549,0.48808813095092773,2.066352128982544,-0.26666054129600525,1.3586221933364868
-0.01480413693934679,0.005811186973005533,-0.056093890219926834,-0.014603730291128159,0.03732767701148987,-0.00668442714959383,0.013733172789216042,-0.04295509681105614,0.01769258640706539,0.03887809440493584,0.05457364395260811,0.02813749574124813,0.006787891034036875,0.036658428609371185,-0.03351623937487602,-0.011562418192625046,-0.024240979924798012,-0.02456357330083847,0.04777375981211662,0.02241562120616436,-0.008360527455806732,0.01609800197184086,-0.014911850914359093,-0.011828793212771416,-0.035042904317379,0.0706622377038002,0.022007325664162636,0.002172433538362384,-0.04102292284369469,-0.06105516105890274,-7.449882104992867e-05,0.05163136124610901,0.07385178655385971,-0.02987104095518589,-0.062106501311063766,0.00389209296554327,0.01917373761534691,0.05364531651139259,0.01602625846862793,-0.05537498742341995,-0.008119756355881691,-0.030294522643089294,-0.008509404957294464,0.046741921454668045,0.010896901600062847,-0.0018344430718570948,0.04592994228005409,0.019478851929306984,0.03795776888728142,-0.015291066840291023,0.0029460927471518517,-0.0006175317103043199,0.04667871817946434,-0.0011798315681517124,-0.028174186125397682,-0.004128638654947281,0.018743785098195076,0.03097129985690117,-0.016084251925349236,0.0083311190828681
-0.39258357882499695,-0.167266845703125,-1.9818315505981445,-0.48559167981147766,1.2588717937469482,0.20310144126415253,0.16937080025672913,-1.2546457052230835,-0.18735426664352417,1.8196595907211304,1.328539252281189,0.1226477175951004,-0.5634409785270691,1.13384211063385,-1.0566208362579346,-0.5281718373298645,-0.9903676509857178,-1.1011229753494263,1.2299528121948242,-0.24470894038677216,0.9480445384979248,0.06516112387180328,-1.4518285989761353,0.32059797644615173,-0.24422360956668854,2.0808334350585938,0.5333539247512817,0.6397678852081299,-1.430036187171936,-2.513679027557373,0.8133010864257812,1.9932329654693604,2.1251845359802246,-0.7413202524185181,-0.7614924311637878,-0.02273915335536003,-0.9281139373779297,1.575364112854004,-0.7042109966278076,-2.141054391860962,0.044444140046834946,-0.3097379505634308,-0.34896156191825867,3.0250027179718018,0.22969354689121246,-0.27102401852607727,0.6277647018432617,0.35905516147613525,1.8485502004623413,-1.5364930629730225,0.6846076846122742,0.6347630620002747,2.3769617080688477,-0.803791344165802,-0.3244897425174713,1.0960910320281982,0.4058520197868347,1.111991286277771,-1.5645047426223755,0.7790682315826416
-0.2804518938064575,0.23277601599693298,-1.159663438796997,-0.46879714727401733,1.5489232540130615,-0.5612507462501526,0.11785867065191269,-1.048464059829712,-0.49016305804252625,1.637120246887207,0.44806474447250366,0.5634677410125732,-0.011007551103830338,0.30012696981430054,0.06980455666780472,-0.9165225028991699,-0.8361874222755432,-0.929498016834259,0.989129364490509,-0.31421446800231934,0.13395096361637115,-0.010576186701655388,-1.2389752864837646,0.4583382308483124,-0.4548778831958771,2.1975934505462646,0.5609907507896423,0.10560362040996552,-1.237127423286438,-2.309978723526001,0.2592061460018158,1.6171667575836182,1.5498136281967163,-0.45337188243865967,-0.4424373209476471,0.278862327337265,-0.9965789318084717,2.043311357498169,-0.7161292433738708,-2.1855664253234863,0.12513357400894165,0.25252991914749146,-0.38994812965393066,2.491640567779541,0.2157619744539261,-0.5144501328468323,-0.03084408864378929,0.15863054990768433,2.3629825115203857,-0.8968311548233032,0.20770633220672607,0.25374481081962585,2.266382932662964,-0.4294073283672333,-0.48820629715919495,0.393871545791626,0.9817747473716736,1.3282034397125244,-0.8763179779052734,0.9979729056358337
-0.6070646047592163,0.14055748283863068,-2.027599334716797,-0.4965272843837738,0.36266574263572693,1.284027099609375,-0.33550533652305603,-0.9353893399238586,0.620518684387207,1.326553463935852,2.10015869140625,-0.15764935314655304,-0.1882409304380417,1.0565063953399658,-2.1339802742004395,-0.31036314368247986,-1.0938715934753418,-1.7186548709869385,1.045654058456421,0.4857243597507477,1.256458044052124,0.25501692295074463,-1.956586480140686,-0.4193611741065979,-0.050066567957401276,1.3060376644134521,0.6212052702903748,0.14918795228004456,-1.902540683746338,-1.8335646390914917,0.10550963878631592,1.3064343929290771,2.1051437854766846,-0.9754745960235596,-2.044384241104126,-0.25621283054351807,0.10461629182100296,0.5869454145431519,-0.17409855127334595,-1.4026027917861938,-0.19681192934513092,-1.9384469985961914,-0.7909607887268066,2.328105926513672,0.42412784695625305,-0.13164697587490082,1.637910008430481,0.6270066499710083,0.6330423951148987,-1.8606525659561157,0.44895267486572266,0.4624299108982086,1.275687336921692,-1.2383599281311035,-1.5144858360290527,1.052438497543335,0.37596291303634644,0.6877648830413818,-1.5109103918075562,-0.22876763343811035
-0.04037534445524216,0.0759880319237709,-0.26247572898864746,-0.01645805686712265,0.23826056718826294,0.043903205543756485,-0.017114490270614624,-0.1644512116909027,0.0749034434556961,0.13231100142002106,0.1787305772304535,0.10373843461275101,0.10534535348415375,0.08971623331308365,-0.083591029047966,-0.14829286932945251,-0.12120110541582108,-0.231219083070755,0.12299740314483643,0.018871301785111427,0.024316539987921715,0.024368897080421448,-0.18309693038463593,-0.01940559782087803,-0.11242716759443283,0.3026140034198761,0.11574438959360123,0.01128939725458622,-0.16522294282913208,-0.40590643882751465,-0.05623089522123337,0.26812419295310974,0.32512348890304565,-0.16781996190547943,-0.22154198586940765,0.02088712714612484,-0.0009797343518584967,0.14478865265846252,0.056928351521492004,-0.22741027176380157,-0.015140379779040813,-0.23655952513217926,-0.024112878367304802,0.2645508050918579,0.029008999466896057,0.006056374404579401,0.11338495463132858,0.09778118878602982,0.3113320767879486,-0.12485229969024658,0.02680692821741104,-0.06127753108739853,0.2460259646177292,-1.1154035746585578e-05,-0.1298993080854416,0.005583388730883598,0.03978227451443672,0.20933058857917786,-0.039721328765153885,0.02544895000755787
-0.6906097531318665,0.5852255821228027,-2.615692138671875,0.8644198179244995,1.4174818992614746,0.6649970412254333,-0.6692999601364136,-0.40026459097862244,0.4557872712612152,1.0234043598175049,0.5491613745689392,0.46631717681884766,0.83103346824646,0.3403288424015045,0.35579535365104675,-0.5621547102928162,-0.736582338809967,-1.849452257156372,1.164462685585022,0.5757066011428833,1.311830759048462,-0.6910436749458313,-2.0679104328155518,0.29628467559814453,-1.0316901206970215,2.2113430500030518,0.9079568386077881,0.12675850093364716,-1.6132960319519043,-3.4958431720733643,-0.22210367023944855,0.7758373022079468,2.704590082168579,-1.2964617013931274,-0.795201301574707,0.11107037216424942,-0.17560696601867676,0.2751092314720154,0.39271044731140137,-1.8318030834197998,0.126430943608284,-0.7834935188293457,-0.41977810859680176,2.4745516777038574,-0.8186783790588379,-0.4421243667602539,0.7130577564239502,0.3909543454647064,1.660658836364746,-1.5072423219680786,0.43361952900886536,0.2614591121673584,1.4687741994857788,0.18100634217262268,-0.43959611654281616,-0.6953832507133484,-0.2161289006471634,1.2123405933380127,-0.5699132680892944,1.0877324342727661
-1.6264793872833252,0.24363389611244202,-2.2882046699523926,0.7222415804862976,1.5410115718841553,0.0090675363317132,-0.8646888732910156,-1.6209545135498047,-0.3655684292316437,0.9110324382781982,0.5415189266204834,0.37904247641563416,-0.2551748752593994,0.6866824626922607,-0.38226500153541565,-0.7140008211135864,-0.5911492705345154,-0.8210058212280273,0.37807998061180115,-0.6622896194458008,0.4287114441394806,0.3049900233745575,-2.685560464859009,0.039785925298929214,0.14023470878601074,2.3852851390838623,0.5644052028656006,-0.498236745595932,-1.4225748777389526,-1.6346826553344727,0.025647222995758057,1.8434486389160156,0.9306390881538391,-0.09838747978210449,-0.12703903019428253,0.3815608620643616,-1.9200395345687866,1.5636682510375977,-1.4296157360076904,-2.5403623580932617,0.25779783725738525,-0.18044228851795197,-0.2986031174659729,2.9819178581237793,-0.45695677399635315,-1.7606148719787598,0.07355935871601105,0.2506771385669708,3.287426471710205,-2.1420557498931885,0.03216134011745453,0.5022298693656921,1.8770962953567505,-1.0493426322937012,-1.0717312097549438,0.5035749077796936,1.7492259740829468,1.7918148040771484,-1.6838115453720093,-0.18679724633693695
-0.051985640078783035,0.07493499666452408,-0.14867141842842102,0.03721403330564499,0.1362868994474411,0.02258187346160412,-0.011097786016762257,-0.10782235115766525,0.04090249538421631,0.0663844645023346,0.12283211946487427,0.05572483316063881,0.07151529937982559,0.044617436826229095,-0.018156321719288826,-0.06925281137228012,-0.033264778554439545,-0.10961847752332687,0.05888988450169563,0.03315132483839989,0.030671657994389534,0.012492496520280838,-0.13172322511672974,-0.016803761944174767,-0.10969637334346771,0.1798286885023117,0.022290142253041267,0.005964528303593397,-0.06505128741264343,-0.25564777851104736,-0.02964382991194725,0.15052177011966705,0.1914137303829193,-0.10696188360452652,-0.13963583111763,0.03916512429714203,0.013380536809563637,0.06180373951792717,0.029586821794509888,-0.16441898047924042,0.007809923030436039,-0.13860966265201569,-0.023229654878377914,0.17504280805587769,0.006604325026273727,0.012504223734140396,0.09802833944559097,0.029343869537115097,0.17614321410655975,-0.11122890561819077,0.006800385657697916,-0.03807389363646507,0.14211802184581757,-0.0007418986642733216,-0.06952645629644394,-0.029987970367074013,0.030733948573470116,0.13922259211540222,-0.008014319464564323,0.02643740177154541
-1.0528571605682373,0.47327837347984314,-1.2528916597366333,0.7903064489364624,1.854691982269287,-0.09040245413780212,-1.1206618547439575,-0.9352445006370544,0.19680945575237274,0.2949208915233612,0.3229108452796936,0.5293083190917969,0.7415905594825745,-0.2568468153476715,1.4139734506607056,-1.5157777070999146,-0.7424108386039734,-1.7571706771850586,1.122838020324707,0.4087270498275757,0.6879240870475769,-1.5508846044540405,-2.954437494277954,0.6914354562759399,-0.8314052820205688,2.2926881313323975,0.6832630634307861,0.1736776977777481,-0.41722729802131653,-3.6994073390960693,0.5577005743980408,0.4575282633304596,2.166839122772217,-1.1322684288024902,-0.17324012517929077,0.7695031762123108,-0.992928147315979,0.2654739022254944,-0.3806750774383545,-2.8287267684936523,0.42029786109924316,-0.7308253645896912,-0.1430743932723999,3.8036367893218994,-0.06758014112710953,-1.0820046663284302,0.1731996238231659,0.4057779014110565,2.6925270557403564,-1.656251072883606,-0.3757595717906952,-0.08003610372543335,2.41727614402771,0.7096135020256042,-0.6409562826156616,-0.8321812152862549,0.48808813095092773,2.066352128982544,-0.26666054129600525,1.3586221933364868
-0.26726680994033813,1.6123948097229004,-2.2591118812561035,0.8573521971702576,2.2633867263793945,1.3149890899658203,-0.9412680864334106,-0.6294109225273132,-0.939690887928009,0.5802920460700989,0.4576900899410248,0.01925823837518692,1.761558175086975,0.6961749196052551,1.2632546424865723,-0.7765868902206421,-0.7041181325912476,-2.9043993949890137,-0.23677384853363037,-0.2899089455604553,1.5010961294174194,-0.3407047390937805,-2.285724639892578,1.0691241025924683,-0.2761734127998352,1.769944429397583,-0.6488861441612244,-0.16617260873317719,-1.9962626695632935,-3.9119796752929688,-1.3024616241455078,0.3797624409198761,2.6780920028686523,-1.9872483015060425,-0.781989574432373,0.6430373191833496,-0.8529649376869202,-1.1561193466186523,-0.006120805628597736,-1.1862404346466064,0.24498340487480164,-1.394545555114746,-0.23456689715385437,1.8980275392532349,-0.46421945095062256,-0.8738519549369812,-0.33244651556015015,-0.49033620953559875,2.4253759384155273,-1.8881033658981323,-0.10065289586782455,-1.46414053440094,1.4731559753417969,-1.029706358909607,-1.197033405303955,-0.44418269395828247,-0.4601454436779022,0.6306034326553345,-1.1423065662384033,0.8441685438156128
-0.008011134341359138,0.0015270522562786937,-0.029639242216944695,0.010153079405426979,0.03237922489643097,-0.010265407152473927,-0.016577253118157387,0.005613000597804785,0.005203410517424345,0.005554488394409418,-0.013752338476479053,0.01272299513220787,-0.00022574386093765497,-0.012524586170911789,0.03630371391773224,-0.0210722666233778,-0.009372641332447529,-0.014969369396567345,0.014126104302704334,-0.0018384411232545972,0.012032645754516125,-0.010018330998718739,-0.010896148160099983,0.0028032760601490736,-0.02423788048326969,0.024022888392210007,0.030647385865449905,0.004323391709476709,0.00033578823786228895,-0.02926958166062832,0.016553111374378204,0.0038668198976665735,0.023929381743073463,-0.011945158243179321,0.010039567947387695,0.012339453212916851,-0.008764323778450489,0.015171609818935394,0.001386429532431066,-0.012956904247403145,0.0030660165939480066,-0.005446162074804306,0.012246225960552692,0.022807158529758453,0.001976768020540476,0.012261850759387016,-0.0017241397872567177,0.0018536527641117573,0.03359953314065933,-0.011351551860570908,0.014413831755518913,0.006157163996249437,0.019155148416757584,0.021930882707238197,0.00856710784137249,-0.019942007958889008,0.004313700366765261,0.014439127407968044,-0.0033980845473706722,0.01680615358054638
-0.7002339959144592,-0.5352804660797119,-3.227278470993042,0.641248345375061,0.7481286525726318,1.0598713159561157,-0.512991726398468,-0.8098693490028381,1.0647406578063965,1.3202461004257202,-0.017021914944052696,0.803497314453125,0.866683840751648,0.7772401571273804,-0.717904269695282,0.2557242512702942,-1.7219533920288086,-2.121701240539551,1.8077605962753296,1.343880534172058,1.5436820983886719,-0.4093068242073059,-2.5673980712890625,0.8238083124160767,-0.2617826759815216,2.6247398853302,2.0780651569366455,-0.653583824634552,-2.385030746459961,-3.417619466781616,0.0763615071773529,0.18068695068359375,3.3109219074249268,-0.9559561014175415,-0.22575557231903076,-0.41748449206352234,-0.05018172040581703,0.4593502879142761,-0.07949719578027725,-1.3999115228652954,-0.7688285112380981,-1.1999075412750244,-0.13773684203624725,3.297206163406372,-0.7041599154472351,-1.5830639600753784,0.24362322688102722,1.7463138103485107,0.6490986943244934,-1.2189091444015503,1.1929209232330322,0.7260715961456299,2.4294850826263428,-1.1435192823410034,-0.5986209511756897,0.13713714480400085,0.10517896711826324,1.6115058660507202,-1.2067495584487915,0.38823163509368896
-0.12602955102920532,0.14575374126434326,-0.5107147693634033,0.100318543612957,0.2881166338920593,0.14634336531162262,-0.0242146123200655,-0.27060356736183167,0.09152814000844955,0.23199665546417236,0.30903124809265137,0.09512326121330261,0.17532320320606232,0.25987401604652405,-0.24569419026374817,-0.02611548826098442,-0.10664775222539902,-0.3249497413635254,0.02341836504638195,0.028990011662244797,0.0962519645690918,0.12711447477340698,-0.3323405981063843,-0.03382963314652443,-0.15452727675437927,0.4621945023536682,0.15417329967021942,-0.038084451109170914,-0.2772345542907715,-0.5625854134559631,-0.11834759265184402,0.33012545108795166,0.4852890074253082,-0.2774859368801117,-0.2806478440761566,-0.00783768855035305,0.03575057163834572,0.1582210510969162,0.08673643320798874,-0.28299352526664734,-0.06412755697965622,-0.5097371935844421,-0.027060415595769882,0.4299599528312683,0.03237895667552948,0.013771683908998966,0.17721472680568695,0.0950678214430809,0.35818612575531006,-0.31826984882354736,0.10878145694732666,-0.0819295346736908,0.24249637126922607,-0.15083536505699158,-0.25011149048805237,-0.054794538766145706,0.04583444446325302,0.20382896065711975,-0.0629127249121666,0.0048012444749474525
-0.3255918323993683,0.7601876854896545,-3.190356731414795,1.7516179084777832,1.548229455947876,-0.7095851898193359,-1.8747835159301758,-0.8707951903343201,-0.15583617985248566,1.6147199869155884,0.14655861258506775,-0.5805041790008545,-0.7875162959098816,1.0291341543197632,1.5420122146606445,-0.15022045373916626,0.39273393154144287,-1.9394662380218506,-0.9421659708023071,-0.23424068093299866,2.5959203243255615,0.09214093536138535,-2.2513961791992188,0.6200035810470581,-0.8255836963653564,2.6839613914489746,0.327629029750824,0.8170087337493896,-1.2617723941802979,-3.463120698928833,-1.490299940109253,0.8651846647262573,2.998565435409546,-1.550450325012207,0.315609335899353,0.26126450300216675,-2.1619749069213867,-0.4153538644313812,0.6821259260177612,-1.4736299514770508,1.0273977518081665,-0.8904300928115845,-0.10541347414255142,2.5651190280914307,-0.4337742328643799,1.148171305656433,0.7483424544334412,-0.5762559175491333,2.8252482414245605,-3.353161573410034,1.092034935951233,0.2609853744506836,1.1928709745407104,-1.6594890356063843,0.48137563467025757,-1.5095891952514648,-0.5192976593971252,2.267740488052368,-0.9435175657272339,1.794745922088623
-0.4702187478542328,0.5695561170578003,-1.5519131422042847,0.6833435893058777,1.4636493921279907,-0.3134269714355469,-0.20053920149803162,-0.5805504322052002,0.23776637017726898,0.6782651543617249,0.36494454741477966,0.0923784002661705,-0.10434006154537201,0.42217209935188293,0.508423388004303,-0.27553802728652954,-0.15045438706874847,-0.4679409861564636,0.003625717479735613,-0.2103676199913025,0.5809733271598816,0.12730355560779572,-0.7223202586174011,0.18042220175266266,-0.5956829786300659,1.3749439716339111,0.4341995120048523,0.11059612035751343,-0.4650188088417053,-1.6593836545944214,0.02330978401005268,0.7481690645217896,1.2675495147705078,-0.8107026219367981,-0.2838912308216095,0.33158665895462036,-0.8704289197921753,0.6101765036582947,0.14072196185588837,-0.9743640422821045,0.20313943922519684,-0.6610439419746399,0.07645148038864136,1.1047331094741821,0.06963997334241867,0.0033176131546497345,0.031943611800670624,-0.3041263520717621,1.610003113746643,-1.3831952810287476,0.337870717048645,-0.003959451336413622,0.9342955350875854,-0.05574875324964523,-0.06402885168790817,-0.44959598779678345,0.18168683350086212,0.5814159512519836,-0.6377989053726196,0.7019221186637878
-0.17600300908088684,0.45134907960891724,-1.2619315385818481,0.779583215713501,0.8405360579490662,-0.5382579565048218,-0.1640554666519165,-0.48815661668777466,0.08745118975639343,0.6062277555465698,0.31268012523651123,0.1289784461259842,-0.19758561253547668,0.5159605145454407,0.4496418535709381,-0.1236070767045021,0.340991348028183,-0.13108153641223907,-0.2068275809288025,-0.21415337920188904,0.39750128984451294,0.2719002664089203,-0.2805764973163605,-0.015330679714679718,-0.8358660340309143,1.2982655763626099,0.3687787652015686,0.20424719154834747,-0.1477500945329666,-1.3049461841583252,-0.2213851809501648,0.8356714248657227,1.0695666074752808,-0.4776773154735565,-0.13326822221279144,0.20605164766311646,-0.5630176067352295,0.6124446392059326,0.3537760078907013,-0.9236763715744019,0.37489020824432373,-0.5236068964004517,0.2276974469423294,0.8302823901176453,-0.041487134993076324,0.4098219573497772,0.36988991498947144,-0.3368004560470581,1.32456636428833,-1.08958101272583,0.2527814507484436,0.007337507791817188,0.5546943545341492,-0.1494559347629547,0.2387053668498993,-0.6644089221954346,0.022487610578536987,0.8422529697418213,0.053684625774621964,0.7246333956718445
-0.1751551777124405,0.37155282497406006,-1.9550107717514038,0.07016713172197342,1.8955219984054565,0.29769599437713623,-0.1937168687582016,-0.8695912957191467,-0.30028223991394043,1.000760555267334,-0.006213870365172625,0.9480622410774231,1.2877706289291382,-0.24025052785873413,0.3291504681110382,-1.6662063598632812,-0.852859616279602,-2.0354106426239014,1.2267335653305054,-0.5884751081466675,0.6049434542655945,-0.6845424175262451,-1.771109938621521,0.2501736879348755,-1.3074522018432617,2.4429173469543457,0.8933368921279907,-0.30220332741737366,-0.9677252769470215,-3.574134588241577,-0.03370889276266098,1.5362751483917236,2.552211284637451,-0.9804756045341492,-0.7351294159889221,0.13183818757534027,-0.3395460247993469,1.1553140878677368,-0.07710239291191101,-2.265477180480957,0.09286979585886002,-0.5467838644981384,0.040195051580667496,2.520402431488037,-0.4904554784297943,-0.4227994978427887,0.009162066504359245,0.5647718906402588,2.6534459590911865,-0.4583064317703247,-0.07369497418403625,-0.2027430683374405,1.9903913736343384,0.627899169921875,-0.4879581332206726,0.11320224404335022,0.42397162318229675,1.5722477436065674,0.2965213358402252,0.4227565824985504
-1.6264793872833252,0.24363389611244202,-2.2882046699523926,0.7222415804862976,1.5410115718841553,0.0090675363317132,-0.8646888732910156,-1.6209545135498047,-0.3655684292316437,0.9110324382781982,0.5415189266204834,0.37904247641563416,-0.2551748752593994,0.6866824626922607,-0.38226500153541565,-0.7140008211135864,-0.5911492705345154,-0.8210058212280273,0.37807998061180115,-0.6622896194458008,0.4287114441394806,0.3049900233745575,-2.685560464859009,0.039785925298929214,0.14023470878601074,2.3852851390838623,0.5644052028656006,-0.498236745595932,-1.4225748777389526,-1.6346826553344727,0.025647222995758057,1.8434486389160156,0.9306390881538391,-0.09838747978210449,-0.12703903019428253,0.3815608620643616,-1.9200395345687866,1.5636682510375977,-1.4296157360076904,-2.5403623580932617,0.25779783725738525,-0.18044228851795197,-0.2986031174659729,2.9819178581237793,-0.45695677399635315,-1.7606148719787598,0.07355935871601105,0.2506771385669708,3.287426471710205,-2.1420557498931885,0.03216134011745453,0.5022298693656921,1.8770962953567505,-1.0493426322937012,-1.0717312097549438,0.5035749077796936,1.7492259740829468,1.7918148040771484,-1.6838115453720093,-0.18679724633693695
0.12010347098112106,0.3287881016731262,-2.5596137046813965,-0.06091171130537987,1.1590086221694946,0.525431215763092,-0.2595660090446472,-0.5662036538124084,0.4393150508403778,1.2447338104248047,0.7539079189300537,0.4153788983821869,0.3650626838207245,0.5581534504890442,-1.1377339363098145,-0.18993204832077026,-0.8044747114181519,-1.7642080783843994,0.8678144216537476,-0.13099132478237152,0.8884176015853882,0.09588366001844406,-1.1430011987686157,-0.25769227743148804,-0.4851120412349701,1.8176437616348267,1.496159315109253,0.03357234224677086,-1.8874812126159668,-2.150606393814087,-0.4641665518283844,1.3181613683700562,2.2417304515838623,-1.1805419921875,-1.075690507888794,-0.512202262878418,-0.10434849560260773,1.1835092306137085,0.26147809624671936,-0.9397931098937988,-0.2817603647708893,-1.5579586029052734,-0.10592073947191238,1.5103744268417358,-0.14217066764831543,-0.041629012674093246,0.45954468846321106,0.7566134929656982,1.415420651435852,-1.1077255010604858,0.6138556599617004,-0.05410940200090408,0.8723019361495972,-0.522730827331543,-0.8828172087669373,0.313772052526474,0.1439688801765442,0.6797481775283813,-0.7948721051216125,0.04989907145500183
-1.0528571605682373,0.47327837347984314,-1.2528916597366333,0.7903064489364624,1.854691982269287,-0.09040245413780212,-1.1206618547439575,-0.9352445006370544,0.19680945575237274,0.2949208915233612,0.3229108452796936,0.5293083190917969,0.7415905594825745,-0.2568468153476715,1.4139734506607056,-1.5157777070999146,-0.7424108386039734,-1.7571706771850586,1.122838020324707,0.4087270498275757,0.6879240870475769,-1.5508846044540405,-2.954437494277954,0.6914354562759399,-0.8314052820205688,2.2926881313323975,0.6832630634307861,0.1736776977777481,-0.41722729802131653,-3.6994073390960693,0.5577005743980408,0.4575282633304596,2.166839122772217,-1.1322684288024902,-0.17324012517929077,0.7695031762123108,-0.992928147315979,0.2654739022254944,-0.3806750774383545,-2.8287267684936523,0.42029786109924316,-0.7308253645896912,-0.1430743932723999,3.8036367893218994,-0.06758014112710953,-1.0820046663284302,0.1731996238231659,0.4057779014110565,2.6925270557403564,-1.656251072883606,-0.3757595717906952,-0.08003610372543335,2.41727614402771,0.7096135020256042,-0.6409562826156616,-0.8321812152862549,0.48808813095092773,2.066352128982544,-0.26666054129600525,1.3586221933364868
-0.004058854654431343,0.0051964325830340385,-0.009771171025931835,0.0005867645377293229,0.002729778876528144,-0.009898150339722633,-0.002931332215666771,0.004429632797837257,0.007737430743873119,0.0026376324240118265,-0.007675851695239544,0.008899989537894726,-0.003771168878301978,-0.00404665432870388,0.0028084656223654747,-0.004691828042268753,0.003158894833177328,-0.004013905767351389,0.008846303448081017,-0.013538812287151814,-0.006748751271516085,-0.0011483295820653439,-0.0008256696164608002,0.005916821304708719,7.922638906165957e-05,0.009194294922053814,-0.000309853843646124,0.0002253713901154697,-0.0031789899803698063,-0.001322221360169351,0.004701899830251932,0.005163149442523718,0.0060166544280946255,-0.005539258010685444,0.012211177498102188,-0.004132737405598164,-0.008310533128678799,0.013258246704936028,-0.0017020474188029766,0.0038115782663226128,0.007809365168213844,0.0026051567401736975,-0.004685832187533379,-0.005655776709318161,-0.00909237191081047,-0.0023119740653783083,0.000290272175334394,0.00013371690874919295,0.0019054865697398782,0.004695700015872717,-0.0047299000434577465,-0.004896356724202633,0.012807467021048069,0.006772267632186413,-0.0032922960817813873,0.005088271573185921,0.008356709033250809,-0.001057823421433568,-0.0032051107846200466,0.011767440475523472
0.0,0.0,0.0,0.0,0.0,0.0,0.0,0.0,0.0,0.0,0.0,0.0,0.0,0.0,0.0,0.0,0.0,0.0,0.0,0.0,0.0,0.0,0.0,0.0,0.0,0.0,0.0,0.0,0.0,0.0,0.0,0.0,0.0,0.0,0.0,0.0,0.0,0.0,0.0,0.0,0.0,0.0,0.0,0.0,0.0,0.0,0.0,0.0,0.0,0.0,0.0,0.0,0.0,0.0,0.0,0.0,0.0,0.0,0.0,0.0
0.0,0.0,0.0,0.0,0.0,0.0,0.0,0.0,0.0,0.0,0.0,0.0,0.0,0.0,0.0,0.0,0.0,0.0,0.0,0.0,0.0,0.0,0.0,0.0,0.0,0.0,0.0,0.0,0.0,0.0,0.0,0.0,0.0,0.0,0.0,0.0,0.0,0.0,0.0,0.0,0.0,0.0,0.0,0.0,0.0,0.0,0.0,0.0,0.0,0.0,0.0,0.0,0.0,0.0,0.0,0.0,0.0,0.0,0.0,0.0
0.0,0.0,0.0,0.0,0.0,0.0,0.0,0.0,0.0,0.0,0.0,0.0,0.0,0.0,0.0,0.0,0.0,0.0,0.0,0.0,0.0,0.0,0.0,0.0,0.0,0.0,0.0,0.0,0.0,0.0,0.0,0.0,0.0,0.0,0.0,0.0,0.0,0.0,0.0,0.0,0.0,0.0,0.0,0.0,0.0,0.0,0.0,0.0,0.0,0.0,0.0,0.0,0.0,0.0,0.0,0.0,0.0,0.0,0.0,0.0
0.0,0.0,0.0,0.0,0.0,0.0,0.0,0.0,0.0,0.0,0.0,0.0,0.0,0.0,0.0,0.0,0.0,0.0,0.0,0.0,0.0,0.0,0.0,0.0,0.0,0.0,0.0,0.0,0.0,0.0,0.0,0.0,0.0,0.0,0.0,0.0,0.0,0.0,0.0,0.0,0.0,0.0,0.0,0.0,0.0,0.0,0.0,0.0,0.0,0.0,0.0,0.0,0.0,0.0,0.0,0.0,0.0,0.0,0.0,0.0
0.0,0.0,0.0,0.0,0.0,0.0,0.0,0.0,0.0,0.0,0.0,0.0,0.0,0.0,0.0,0.0,0.0,0.0,0.0,0.0,0.0,0.0,0.0,0.0,0.0,0.0,0.0,0.0,0.0,0.0,0.0,0.0,0.0,0.0,0.0,0.0,0.0,0.0,0.0,0.0,0.0,0.0,0.0,0.0,0.0,0.0,0.0,0.0,0.0,0.0,0.0,0.0,0.0,0.0,0.0,0.0,0.0,0.0,0.0,0.0
0.0,0.0,0.0,0.0,0.0,0.0,0.0,0.0,0.0,0.0,0.0,0.0,0.0,0.0,0.0,0.0,0.0,0.0,0.0,0.0,0.0,0.0,0.0,0.0,0.0,0.0,0.0,0.0,0.0,0.0,0.0,0.0,0.0,0.0,0.0,0.0,0.0,0.0,0.0,0.0,0.0,0.0,0.0,0.0,0.0,0.0,0.0,0.0,0.0,0.0,0.0,0.0,0.0,0.0,0.0,0.0,0.0,0.0,0.0,0.0
0.0,0.0,0.0,0.0,0.0,0.0,0.0,0.0,0.0,0.0,0.0,0.0,0.0,0.0,0.0,0.0,0.0,0.0,0.0,0.0,0.0,0.0,0.0,0.0,0.0,0.0,0.0,0.0,0.0,0.0,0.0,0.0,0.0,0.0,0.0,0.0,0.0,0.0,0.0,0.0,0.0,0.0,0.0,0.0,0.0,0.0,0.0,0.0,0.0,0.0,0.0,0.0,0.0,0.0,0.0,0.0,0.0,0.0,0.0,0.0
0.0,0.0,0.0,0.0,0.0,0.0,0.0,0.0,0.0,0.0,0.0,0.0,0.0,0.0,0.0,0.0,0.0,0.0,0.0,0.0,0.0,0.0,0.0,0.0,0.0,0.0,0.0,0.0,0.0,0.0,0.0,0.0,0.0,0.0,0.0,0.0,0.0,0.0,0.0,0.0,0.0,0.0,0.0,0.0,0.0,0.0,0.0,0.0,0.0,0.0,0.0,0.0,0.0,0.0,0.0,0.0,0.0,0.0,0.0,0.0
0.0,0.0,0.0,0.0,0.0,0.0,0.0,0.0,0.0,0.0,0.0,0.0,0.0,0.0,0.0,0.0,0.0,0.0,0.0,0.0,0.0,0.0,0.0,0.0,0.0,0.0,0.0,0.0,0.0,0.0,0.0,0.0,0.0,0.0,0.0,0.0,0.0,0.0,0.0,0.0,0.0,0.0,0.0,0.0,0.0,0.0,0.0,0.0,0.0,0.0,0.0,0.0,0.0,0.0,0.0,0.0,0.0,0.0,0.0,0.0
0.0,0.0,0.0,0.0,0.0,0.0,0.0,0.0,0.0,0.0,0.0,0.0,0.0,0.0,0.0,0.0,0.0,0.0,0.0,0.0,0.0,0.0,0.0,0.0,0.0,0.0,0.0,0.0,0.0,0.0,0.0,0.0,0.0,0.0,0.0,0.0,0.0,0.0,0.0,0.0,0.0,0.0,0.0,0.0,0.0,0.0,0.0,0.0,0.0,0.0,0.0,0.0,0.0,0.0,0.0,0.0,0.0,0.0,0.0,0.0
0.0,0.0,0.0,0.0,0.0,0.0,0.0,0.0,0.0,0.0,0.0,0.0,0.0,0.0,0.0,0.0,0.0,0.0,0.0,0.0,0.0,0.0,0.0,0.0,0.0,0.0,0.0,0.0,0.0,0.0,0.0,0.0,0.0,0.0,0.0,0.0,0.0,0.0,0.0,0.0,0.0,0.0,0.0,0.0,0.0,0.0,0.0,0.0,0.0,0.0,0.0,0.0,0.0,0.0,0.0,0.0,0.0,0.0,0.0,0.0
0.0,0.0,0.0,0.0,0.0,0.0,0.0,0.0,0.0,0.0,0.0,0.0,0.0,0.0,0.0,0.0,0.0,0.0,0.0,0.0,0.0,0.0,0.0,0.0,0.0,0.0,0.0,0.0,0.0,0.0,0.0,0.0,0.0,0.0,0.0,0.0,0.0,0.0,0.0,0.0,0.0,0.0,0.0,0.0,0.0,0.0,0.0,0.0,0.0,0.0,0.0,0.0,0.0,0.0,0.0,0.0,0.0,0.0,0.0,0.0
0.0,0.0,0.0,0.0,0.0,0.0,0.0,0.0,0.0,0.0,0.0,0.0,0.0,0.0,0.0,0.0,0.0,0.0,0.0,0.0,0.0,0.0,0.0,0.0,0.0,0.0,0.0,0.0,0.0,0.0,0.0,0.0,0.0,0.0,0.0,0.0,0.0,0.0,0.0,0.0,0.0,0.0,0.0,0.0,0.0,0.0,0.0,0.0,0.0,0.0,0.0,0.0,0.0,0.0,0.0,0.0,0.0,0.0,0.0,0.0
0.0,0.0,0.0,0.0,0.0,0.0,0.0,0.0,0.0,0.0,0.0,0.0,0.0,0.0,0.0,0.0,0.0,0.0,0.0,0.0,0.0,0.0,0.0,0.0,0.0,0.0,0.0,0.0,0.0,0.0,0.0,0.0,0.0,0.0,0.0,0.0,0.0,0.0,0.0,0.0,0.0,0.0,0.0,0.0,0.0,0.0,0.0,0.0,0.0,0.0,0.0,0.0,0.0,0.0,0.0,0.0,0.0,0.0,0.0,0.0
0.0,0.0,0.0,0.0,0.0,0.0,0.0,0.0,0.0,0.0,0.0,0.0,0.0,0.0,0.0,0.0,0.0,0.0,0.0,0.0,0.0,0.0,0.0,0.0,0.0,0.0,0.0,0.0,0.0,0.0,0.0,0.0,0.0,0.0,0.0,0.0,0.0,0.0,0.0,0.0,0.0,0.0,0.0,0.0,0.0,0.0,0.0,0.0,0.0,0.0,0.0,0.0,0.0,0.0,0.0,0.0,0.0,0.0,0.0,0.0
0.0,0.0,0.0,0.0,0.0,0.0,0.0,0.0,0.0,0.0,0.0,0.0,0.0,0.0,0.0,0.0,0.0,0.0,0.0,0.0,0.0,0.0,0.0,0.0,0.0,0.0,0.0,0.0,0.0,0.0,0.0,0.0,0.0,0.0,0.0,0.0,0.0,0.0,0.0,0.0,0.0,0.0,0.0,0.0,0.0,0.0,0.0,0.0,0.0,0.0,0.0,0.0,0.0,0.0,0.0,0.0,0.0,0.0,0.0,0.0
